ProductName,Category,Brand,UnitPrice
Badminton Set,Home & Furniture,FakeUrbanGlow,$719.00
Sled,Toys & Games,FakeUrbanGlow,$133.00
Tackle Box,Kitchen & Dining,FakeZenithStyle,$679.00
VR Headset,Health & Fitness,FakeZenithStyle,$112.00
Drone,Electronics,FakeZenithStyle,$179.00
Tent,Health & Fitness,FakeEtherealEdge,$670.00
Kayak,Sports & Recreation,FakeZenithStyle,$949.00
Snow Shovel,Health & Fitness,FakeEtherealEdge,$857.00
Jacket,Electronics,FakeLuxeAura,$362.00
Sheets,Home & Furniture,FakeVelvetVista,$153.00
3D Printer,Health & Fitness,FakeUrbanGlow,$375.00
Fitness Tracker,Outdoor & Garden,FakeVelvetVista,$313.00
Rain Jacket,Sports & Recreation,FakeEtherealEdge,$541.00
Basketball,Kitchen & Dining,FakeZenithStyle,$314.00
Memory Card,Arts & Crafts,FakeEtherealEdge,$822.00
Suitcase,Sports & Recreation,FakeVelvetVista,$625.00
Fitness Tracker,Electronics,FakeLuxeAura,$640.00
Garden Tools,Kitchen & Dining,FakeVelvetVista,$588.00
Suitcase,Sports & Recreation,FakeZenithStyle,$142.00
Supplement,Sports & Recreation,FakeVelvetVista,$166.00
Hair Dryer,Kitchen & Dining,FakeEtherealEdge,$293.00
VR Headset,Outdoor & Garden,FakeVelvetVista,$581.00
Backpack,Home & Furniture,FakeZenithStyle,$688.00
Dumbbells,Outdoor & Garden,FakeUrbanGlow,$501.00
Portable Hard Drive,Arts & Crafts,FakeVelvetVista,$749.00
Lawn Sprinkler,Electronics,FakeEtherealEdge,$180.00
Oven,Toys & Games,FakeZenithStyle,$349.00
Dart Board,Electronics,FakeVelvetVista,$613.00
Earbuds,Arts & Crafts,FakeUrbanGlow,$218.00
Sleeping Bag,Arts & Crafts,FakeUrbanGlow,$389.00
Action Figure,Health & Fitness,FakeLuxeAura,$794.00
VR Headset,Home & Furniture,FakeLuxeAura,$932.00
Vacuum Cleaner,Electronics,FakeVelvetVista,$729.00
Stove,Toys & Games,FakeLuxeAura,$863.00
Lawn Sprinkler,Toys & Games,FakeUrbanGlow,$399.00
Tarp,Arts & Crafts,FakeVelvetVista,$671.00
Laser Printer,Outdoor & Garden,FakeUrbanGlow,$641.00
Antivirus,Sports & Recreation,FakeEtherealEdge,$921.00
Badminton Set,Arts & Crafts,FakeLuxeAura,$394.00
Tent,Home & Furniture,FakeZenithStyle,$804.00
Juicer,Health & Fitness,FakeZenithStyle,$363.00
Basketball,Kitchen & Dining,FakeVelvetVista,$817.00
Backpack,Pets,FakeLuxeAura,$774.00
Drone,Health & Fitness,FakeZenithStyle,$492.00
3D Printer,Kitchen & Dining,FakeVelvetVista,$873.00
Dog Collar,Sports & Recreation,FakeZenithStyle,$466.00
Memory Card,Pets,FakeZenithStyle,$127.00
Laptop,Sports & Recreation,FakeLuxeAura,$417.00
Camping Tent,Outdoor & Garden,FakeUrbanGlow,$413.00
Smart Light,Pets,FakeZenithStyle,$736.00
Camera,Arts & Crafts,FakeUrbanGlow,$697.00
Dart Board,Arts & Crafts,FakeUrbanGlow,$191.00
Sleeping Bag,Pets,FakeEtherealEdge,$746.00
Refrigerator,Home Appliances,FakeEtherealEdge,$837.00
Board Game,Health & Fitness,FakeVelvetVista,$750.00
Cat Litter Box,Outdoor & Garden,FakeZenithStyle,$220.00
Cat Tree,Kitchen & Dining,FakeZenithStyle,$405.00
Router,Health & Fitness,FakeVelvetVista,$985.00
Patio Furniture,Pets,FakeVelvetVista,$345.00
Sheets,Pets,FakeLuxeAura,$197.00
Toothpaste,Health & Fitness,FakeEtherealEdge,$271.00
Snowboard,Toys & Games,FakeZenithStyle,$567.00
Treadmill,Toys & Games,FakeVelvetVista,$484.00
Garden Hose,Arts & Crafts,FakeEtherealEdge,$587.00
BBQ Grill,Health & Fitness,FakeLuxeAura,$154.00
Electric Kettle,Outdoor & Garden,FakeZenithStyle,$430.00
Laser Printer,Health & Fitness,FakeEtherealEdge,$803.00
Smart Light,Toys & Games,FakeLuxeAura,$937.00
Art Supplies,Electronics,FakeVelvetVista,$193.00
Backpack,Sports & Recreation,FakeVelvetVista,$238.00
Helmet,Pets,FakeLuxeAura,$505.00
Jacket,Pets,FakeUrbanGlow,$805.00
Dog Collar,Health & Fitness,FakeUrbanGlow,$932.00
Home Security Camera,Sports & Recreation,FakeLuxeAura,$334.00
Volleyball,Electronics,FakeVelvetVista,$717.00
Toothpaste,Health & Fitness,FakeUrbanGlow,$186.00
Tent,Pets,FakeEtherealEdge,$277.00
Grill,Sports & Recreation,FakeUrbanGlow,$379.00
Hammock,Kitchen & Dining,FakeZenithStyle,$710.00
Hiking Boots,Electronics,FakeUrbanGlow,$160.00
Art Supplies,Outdoor & Garden,FakeZenithStyle,$732.00
Bicycle,Sports & Recreation,FakeUrbanGlow,$787.00
Water Filter,Electronics,FakeUrbanGlow,$680.00
Oven,Outdoor & Garden,FakeEtherealEdge,$307.00
Power Bank,Home Appliances,FakeZenithStyle,$136.00
Trekking Poles,Outdoor & Garden,FakeEtherealEdge,$370.00
Wi-Fi Extender,Toys & Games,FakeZenithStyle,$856.00
Antivirus,Outdoor & Garden,FakeZenithStyle,$280.00
Thermos,Sports & Recreation,FakeUrbanGlow,$612.00
Tarp,Kitchen & Dining,FakeZenithStyle,$690.00
Lawn Sprinkler,Home Appliances,FakeEtherealEdge,$224.00
Lawn Sprinkler,Toys & Games,FakeVelvetVista,$849.00
Aquarium,Pets,FakeLuxeAura,$756.00
Memory Card,Home Appliances,FakeEtherealEdge,$739.00
Power Bank,Outdoor & Garden,FakeLuxeAura,$799.00
Kayak,Outdoor & Garden,FakeVelvetVista,$858.00
Pet Bed,Kitchen & Dining,FakeZenithStyle,$136.00
Basketball,Home Appliances,FakeVelvetVista,$112.00
Pet Toy,Toys & Games,FakeZenithStyle,$970.00
Camera,Arts & Crafts,FakeZenithStyle,$683.00
Soap,Sports & Recreation,FakeUrbanGlow,$120.00
Game Console,Sports & Recreation,FakeZenithStyle,$868.00
Cat Tree,Home & Furniture,FakeEtherealEdge,$581.00
Robot Vacuum,Health & Fitness,FakeUrbanGlow,$826.00
Basketball,Outdoor & Garden,FakeZenithStyle,$147.00
Smart Thermostat,Outdoor & Garden,FakeLuxeAura,$578.00
Action Figure,Arts & Crafts,FakeEtherealEdge,$917.00
Fitness Tracker,Home & Furniture,FakeZenithStyle,$565.00
Pet Carrier,Toys & Games,FakeEtherealEdge,$350.00
Juicer,Pets,FakeLuxeAura,$458.00
Smart Thermostat,Toys & Games,FakeLuxeAura,$192.00
Coffee Maker,Electronics,FakeEtherealEdge,$267.00
Stove,Health & Fitness,FakeLuxeAura,$355.00
Helmet,Toys & Games,FakeUrbanGlow,$569.00
Ski Goggles,Electronics,FakeVelvetVista,$227.00
Wetsuit,Kitchen & Dining,FakeZenithStyle,$386.00
Wetsuit,Home Appliances,FakeUrbanGlow,$629.00
Portable Charger,Pets,FakeUrbanGlow,$738.00
Portable Hard Drive,Electronics,FakeVelvetVista,$158.00
Lamp,Pets,FakeEtherealEdge,$374.00
Juicer,Home Appliances,FakeEtherealEdge,$935.00
Pet Toy,Arts & Crafts,FakeVelvetVista,$227.00
Volleyball,Electronics,FakeEtherealEdge,$255.00
Tent,Outdoor & Garden,FakeZenithStyle,$681.00
Stove,Health & Fitness,FakeZenithStyle,$701.00
Humidifier,Arts & Crafts,FakeLuxeAura,$243.00
Dumbbells,Pets,FakeLuxeAura,$756.00
3D Printer,Electronics,FakeVelvetVista,$652.00
Power Bank,Home & Furniture,FakeZenithStyle,$551.00
Ping Pong Table,Arts & Crafts,FakeUrbanGlow,$441.00
Smart Thermostat,Home & Furniture,FakeUrbanGlow,$989.00
Snowboard,Arts & Crafts,FakeEtherealEdge,$657.00
Patio Furniture,Pets,FakeLuxeAura,$443.00
Camping Tent,Arts & Crafts,FakeEtherealEdge,$767.00
Pet Feeder,Kitchen & Dining,FakeZenithStyle,$231.00
Supplement,Kitchen & Dining,FakeUrbanGlow,$723.00
Snow Shovel,Pets,FakeZenithStyle,$421.00
Puzzle,Pets,FakeEtherealEdge,$499.00
Fire Pit,Toys & Games,FakeEtherealEdge,$843.00
Tablet,Electronics,FakeZenithStyle,$938.00
Rain Jacket,Health & Fitness,FakeVelvetVista,$101.00
Fishing Rod,Home Appliances,FakeZenithStyle,$281.00
Volleyball,Pets,FakeEtherealEdge,$487.00
Jacket,Kitchen & Dining,FakeEtherealEdge,$998.00
Garden Tools,Sports & Recreation,FakeEtherealEdge,$322.00
Drone,Electronics,FakeEtherealEdge,$741.00
Garden Tools,Home Appliances,FakeZenithStyle,$171.00
Wetsuit,Health & Fitness,FakeLuxeAura,$307.00
Speaker,Kitchen & Dining,FakeEtherealEdge,$502.00
Blender,Electronics,FakeUrbanGlow,$195.00
Wetsuit,Pets,FakeUrbanGlow,$781.00
Electric Shaver,Pets,FakeVelvetVista,$168.00
Electric Car,Sports & Recreation,FakeEtherealEdge,$462.00
Art Supplies,Sports & Recreation,FakeUrbanGlow,$412.00
Power Bank,Pets,FakeZenithStyle,$700.00
Hair Dryer,Health & Fitness,FakeZenithStyle,$490.00
Dart Board,Home Appliances,FakeUrbanGlow,$463.00
Memory Card,Pets,FakeUrbanGlow,$714.00
Bird Cage,Health & Fitness,FakeUrbanGlow,$795.00
Lamp,Electronics,FakeLuxeAura,$748.00
Vacuum Cleaner,Electronics,FakeVelvetVista,$998.00
Action Figure,Outdoor & Garden,FakeLuxeAura,$523.00
Bicycle,Toys & Games,FakeLuxeAura,$630.00
Pet Carrier,Home Appliances,FakeUrbanGlow,$325.00
Dog House,Home Appliances,FakeVelvetVista,$900.00
Hair Dryer,Sports & Recreation,FakeLuxeAura,$694.00
Electric Toothbrush,Home Appliances,FakeZenithStyle,$916.00
Pillow,Sports & Recreation,FakeUrbanGlow,$449.00
Sleeping Pad,Toys & Games,FakeUrbanGlow,$926.00
Stove,Pets,FakeEtherealEdge,$800.00
Pet Toy,Home Appliances,FakeZenithStyle,$799.00
Board Game,Outdoor & Garden,FakeLuxeAura,$298.00
Dehumidifier,Kitchen & Dining,FakeVelvetVista,$441.00
Drone,Electronics,FakeLuxeAura,$801.00
Electric Kettle,Kitchen & Dining,FakeEtherealEdge,$781.00
Wi-Fi Extender,Kitchen & Dining,FakeEtherealEdge,$181.00
Action Figure,Electronics,FakeVelvetVista,$882.00
Suitcase,Sports & Recreation,FakeZenithStyle,$563.00
Fan,Home & Furniture,FakeUrbanGlow,$537.00
Outdoor Umbrella,Electronics,FakeZenithStyle,$682.00
Garden Tools,Arts & Crafts,FakeEtherealEdge,$396.00
Golf Clubs,Electronics,FakeUrbanGlow,$687.00
Plant Pot,Toys & Games,FakeZenithStyle,$164.00
Tennis Racket,Electronics,FakeUrbanGlow,$537.00
Smart Doorbell,Kitchen & Dining,FakeVelvetVista,$313.00
Electric Kettle,Electronics,FakeUrbanGlow,$981.00
Bird Cage,Sports & Recreation,FakeVelvetVista,$456.00
Soccer Ball,Arts & Crafts,FakeLuxeAura,$513.00
Trekking Poles,Sports & Recreation,FakeLuxeAura,$853.00
Dart Board,Home & Furniture,FakeLuxeAura,$642.00
Garden Hose,Electronics,FakeEtherealEdge,$304.00
Mattress,Pets,FakeLuxeAura,$148.00
Cat Tree,Toys & Games,FakeLuxeAura,$227.00
Kayak,Outdoor & Garden,FakeZenithStyle,$615.00
Bluetooth Speaker,Home Appliances,FakeLuxeAura,$159.00
Hair Dryer,Pets,FakeUrbanGlow,$457.00
Electric Kettle,Home & Furniture,FakeVelvetVista,$634.00
Craft Kit,Arts & Crafts,FakeVelvetVista,$900.00
Rain Jacket,Pets,FakeVelvetVista,$864.00
Building Blocks,Pets,FakeLuxeAura,$970.00
Treadmill,Electronics,FakeUrbanGlow,$729.00
Portable Charger,Home & Furniture,FakeVelvetVista,$488.00
Sleeping Bag,Electronics,FakeVelvetVista,$285.00
Dart Board,Kitchen & Dining,FakeVelvetVista,$741.00
Sleeping Pad,Home & Furniture,FakeEtherealEdge,$200.00
Pet Bed,Health & Fitness,FakeEtherealEdge,$190.00
Pillow,Health & Fitness,FakeZenithStyle,$759.00
Tarp,Toys & Games,FakeEtherealEdge,$324.00
Suitcase,Home Appliances,FakeLuxeAura,$646.00
Lamp,Pets,FakeEtherealEdge,$812.00
Dumbbells,Kitchen & Dining,FakeLuxeAura,$667.00
Electric Toothbrush,Health & Fitness,FakeLuxeAura,$884.00
Doll,Kitchen & Dining,FakeZenithStyle,$951.00
Tennis Racket,Toys & Games,FakeLuxeAura,$652.00
Air Purifier,Kitchen & Dining,FakeEtherealEdge,$982.00
Backpacking Stove,Home Appliances,FakeZenithStyle,$670.00
Rain Jacket,Home & Furniture,FakeEtherealEdge,$494.00
Treadmill,Sports & Recreation,FakeEtherealEdge,$235.00
Electric Scooter,Toys & Games,FakeVelvetVista,$731.00
Bed,Pets,FakeUrbanGlow,$157.00
Telescope,Pets,FakeUrbanGlow,$197.00
Dart Board,Electronics,FakeLuxeAura,$143.00
Binoculars,Toys & Games,FakeEtherealEdge,$684.00
Lamp,Sports & Recreation,FakeUrbanGlow,$401.00
Juicer,Outdoor & Garden,FakeZenithStyle,$699.00
BBQ Grill,Kitchen & Dining,FakeEtherealEdge,$143.00
Rain Jacket,Arts & Crafts,FakeUrbanGlow,$804.00
Treadmill,Sports & Recreation,FakeVelvetVista,$124.00
Laser Printer,Toys & Games,FakeEtherealEdge,$673.00
Soccer Ball,Health & Fitness,FakeUrbanGlow,$146.00
Snorkel Gear,Health & Fitness,FakeZenithStyle,$300.00
Glasses,Kitchen & Dining,FakeZenithStyle,$729.00
Backpacking Stove,Home & Furniture,FakeLuxeAura,$517.00
Game Console,Electronics,FakeZenithStyle,$959.00
Bird Cage,Toys & Games,FakeVelvetVista,$894.00
Smartwatch,Electronics,FakeUrbanGlow,$696.00
Snowboard,Toys & Games,FakeVelvetVista,$597.00
Tennis Racket,Electronics,FakeZenithStyle,$133.00
Electric Toothbrush,Outdoor & Garden,FakeUrbanGlow,$459.00
Aquarium,Toys & Games,FakeEtherealEdge,$985.00
Antivirus,Health & Fitness,FakeVelvetVista,$567.00
Tackle Box,Health & Fitness,FakeUrbanGlow,$663.00
Basketball,Sports & Recreation,FakeLuxeAura,$180.00
Electric Car,Toys & Games,FakeUrbanGlow,$778.00
Kayak,Home & Furniture,FakeLuxeAura,$483.00
Pet Feeder,Outdoor & Garden,FakeUrbanGlow,$138.00
Snorkel Gear,Electronics,FakeVelvetVista,$383.00
Binoculars,Pets,FakeVelvetVista,$935.00
External SSD,Kitchen & Dining,FakeVelvetVista,$853.00
Snowboard,Pets,FakeEtherealEdge,$381.00
Hair Dryer,Home Appliances,FakeVelvetVista,$532.00
Hiking Boots,Pets,FakeVelvetVista,$601.00
Hair Dryer,Sports & Recreation,FakeEtherealEdge,$448.00
Baseball Glove,Outdoor & Garden,FakeZenithStyle,$474.00
Yoga Mat,Home & Furniture,FakeEtherealEdge,$664.00
Life Jacket,Electronics,FakeEtherealEdge,$641.00
Monitor,Outdoor & Garden,FakeEtherealEdge,$964.00
Sewing Machine,Sports & Recreation,FakeZenithStyle,$734.00
Garden Tools,Pets,FakeLuxeAura,$510.00
Ski Goggles,Electronics,FakeZenithStyle,$352.00
Vacuum Cleaner,Home Appliances,FakeLuxeAura,$947.00
Garden Tools,Toys & Games,FakeVelvetVista,$400.00
Water Filter,Arts & Crafts,FakeZenithStyle,$266.00
Sewing Machine,Toys & Games,FakeUrbanGlow,$577.00
Aquarium,Electronics,FakeVelvetVista,$389.00
Oven,Pets,FakeUrbanGlow,$931.00
Lawn Mower,Pets,FakeLuxeAura,$624.00
Oven,Toys & Games,FakeVelvetVista,$112.00
Electric Kettle,Toys & Games,FakeEtherealEdge,$191.00
Keyboard,Electronics,FakeVelvetVista,$186.00
Binoculars,Pets,FakeZenithStyle,$507.00
Volleyball,Home Appliances,FakeUrbanGlow,$867.00
Robot Vacuum,Sports & Recreation,FakeLuxeAura,$867.00
Cat Tree,Home & Furniture,FakeEtherealEdge,$345.00
Camera,Health & Fitness,FakeEtherealEdge,$921.00
Speaker,Kitchen & Dining,FakeVelvetVista,$470.00
Pillow,Home Appliances,FakeUrbanGlow,$796.00
Binoculars,Sports & Recreation,FakeLuxeAura,$788.00
Puzzle,Home & Furniture,FakeLuxeAura,$616.00
Volleyball,Toys & Games,FakeEtherealEdge,$349.00
Water Bottle,Health & Fitness,FakeEtherealEdge,$499.00
Dog Collar,Sports & Recreation,FakeZenithStyle,$381.00
Backpack,Sports & Recreation,FakeVelvetVista,$851.00
Snorkel Gear,Outdoor & Garden,FakeZenithStyle,$136.00
Pet Feeder,Toys & Games,FakeEtherealEdge,$874.00
Portable Charger,Arts & Crafts,FakeEtherealEdge,$206.00
Tackle Box,Electronics,FakeVelvetVista,$264.00
Aquarium,Electronics,FakeLuxeAura,$169.00
Doll,Home Appliances,FakeUrbanGlow,$766.00
Power Bank,Kitchen & Dining,FakeZenithStyle,$539.00
Craft Kit,Home Appliances,FakeVelvetVista,$747.00
Doll,Electronics,FakeVelvetVista,$982.00
Refrigerator,Toys & Games,FakeZenithStyle,$277.00
Sled,Arts & Crafts,FakeUrbanGlow,$715.00
Outdoor Umbrella,Sports & Recreation,FakeUrbanGlow,$480.00
Treadmill,Home & Furniture,FakeUrbanGlow,$934.00
Jacket,Electronics,FakeZenithStyle,$917.00
Humidifier,Health & Fitness,FakeVelvetVista,$614.00
Garden Tools,Home Appliances,FakeZenithStyle,$931.00
Humidifier,Sports & Recreation,FakeVelvetVista,$238.00
Dehumidifier,Home & Furniture,FakeEtherealEdge,$545.00
Game Console,Kitchen & Dining,FakeLuxeAura,$618.00
Rain Jacket,Kitchen & Dining,FakeVelvetVista,$100.00
Flashlight,Kitchen & Dining,FakeEtherealEdge,$544.00
Garden Hose,Toys & Games,FakeLuxeAura,$875.00
Hammock,Kitchen & Dining,FakeUrbanGlow,$748.00
Helmet,Health & Fitness,FakeZenithStyle,$843.00
Jacket,Outdoor & Garden,FakeEtherealEdge,$634.00
Power Bank,Home & Furniture,FakeVelvetVista,$752.00
Showerhead,Outdoor & Garden,FakeZenithStyle,$278.00
Jacket,Outdoor & Garden,FakeVelvetVista,$591.00
Plant Pot,Outdoor & Garden,FakeZenithStyle,$982.00
Suitcase,Outdoor & Garden,FakeLuxeAura,$674.00
Thermos,Home & Furniture,FakeVelvetVista,$772.00
Antivirus,Home Appliances,FakeVelvetVista,$902.00
Oven,Electronics,FakeLuxeAura,$455.00
Garden Hose,Home & Furniture,FakeZenithStyle,$787.00
Microwave,Outdoor & Garden,FakeUrbanGlow,$613.00
Wi-Fi Extender,Home Appliances,FakeZenithStyle,$169.00
Thermos,Health & Fitness,FakeLuxeAura,$726.00
Stove,Toys & Games,FakeVelvetVista,$607.00
Aquarium,Home Appliances,FakeLuxeAura,$668.00
Yoga Mat,Health & Fitness,FakeLuxeAura,$564.00
Paddleboard,Arts & Crafts,FakeEtherealEdge,$851.00
Pet Carrier,Arts & Crafts,FakeEtherealEdge,$743.00
Projector,Outdoor & Garden,FakeEtherealEdge,$474.00
Home Security Camera,Toys & Games,FakeZenithStyle,$865.00
Ski Goggles,Toys & Games,FakeEtherealEdge,$542.00
BBQ Grill,Sports & Recreation,FakeLuxeAura,$108.00
Glasses,Outdoor & Garden,FakeEtherealEdge,$984.00
Toothpaste,Health & Fitness,FakeLuxeAura,$572.00
Dog Leash,Home Appliances,FakeLuxeAura,$892.00
Patio Furniture,Electronics,FakeUrbanGlow,$782.00
Golf Clubs,Toys & Games,FakeVelvetVista,$384.00
Pet Toy,Kitchen & Dining,FakeVelvetVista,$835.00
Fishing Rod,Kitchen & Dining,FakeLuxeAura,$458.00
Speaker,Home Appliances,FakeUrbanGlow,$922.00
Lawn Sprinkler,Electronics,FakeEtherealEdge,$405.00
Washing Machine,Kitchen & Dining,FakeVelvetVista,$992.00
Tablet,Electronics,FakeEtherealEdge,$847.00
Toy Car,Arts & Crafts,FakeZenithStyle,$465.00
Tent,Toys & Games,FakeUrbanGlow,$974.00
Supplement,Kitchen & Dining,FakeZenithStyle,$630.00
Pet Bed,Arts & Crafts,FakeUrbanGlow,$108.00
Water Bottle,Toys & Games,FakeVelvetVista,$248.00
Air Conditioner,Home Appliances,FakeEtherealEdge,$370.00
Lamp,Electronics,FakeLuxeAura,$998.00
Fitness Tracker,Sports & Recreation,FakeLuxeAura,$615.00
Golf Clubs,Home Appliances,FakeUrbanGlow,$975.00
Sled,Health & Fitness,FakeVelvetVista,$792.00
Robot Vacuum,Home Appliances,FakeLuxeAura,$314.00
Bluetooth Speaker,Arts & Crafts,FakeEtherealEdge,$162.00
Smartwatch,Health & Fitness,FakeZenithStyle,$528.00
Garden Tools,Health & Fitness,FakeVelvetVista,$885.00
Projector,Home Appliances,FakeZenithStyle,$338.00
Lamp,Electronics,FakeVelvetVista,$759.00
Dog House,Pets,FakeUrbanGlow,$265.00
Microwave,Home & Furniture,FakeUrbanGlow,$542.00
Monitor,Sports & Recreation,FakeLuxeAura,$953.00
Garden Hose,Electronics,FakeEtherealEdge,$715.00
Router,Home Appliances,FakeZenithStyle,$900.00
Puzzle,Arts & Crafts,FakeZenithStyle,$773.00
Memory Card,Home & Furniture,FakeVelvetVista,$222.00
Kayak,Pets,FakeEtherealEdge,$754.00
Suitcase,Toys & Games,FakeZenithStyle,$410.00
Pet Carrier,Electronics,FakeZenithStyle,$600.00
Wi-Fi Extender,Home Appliances,FakeUrbanGlow,$428.00
Bird Cage,Arts & Crafts,FakeLuxeAura,$564.00
Lawn Sprinkler,Pets,FakeLuxeAura,$904.00
Electric Scooter,Pets,FakeZenithStyle,$380.00
Camping Chair,Kitchen & Dining,FakeLuxeAura,$675.00
Golf Clubs,Pets,FakeZenithStyle,$120.00
Dart Board,Health & Fitness,FakeZenithStyle,$816.00
Sheets,Health & Fitness,FakeEtherealEdge,$330.00
Bed,Outdoor & Garden,FakeZenithStyle,$191.00
Tarp,Outdoor & Garden,FakeUrbanGlow,$275.00
Helmet,Electronics,FakeVelvetVista,$683.00
Craft Kit,Pets,FakeUrbanGlow,$224.00
Art Supplies,Kitchen & Dining,FakeZenithStyle,$818.00
Electric Toothbrush,Sports & Recreation,FakeZenithStyle,$900.00
Lawn Mower,Arts & Crafts,FakeLuxeAura,$491.00
Laptop,Sports & Recreation,FakeZenithStyle,$340.00
Home Security Camera,Home Appliances,FakeLuxeAura,$798.00
Aquarium,Kitchen & Dining,FakeUrbanGlow,$569.00
Sled,Health & Fitness,FakeLuxeAura,$775.00
Wetsuit,Home & Furniture,FakeEtherealEdge,$720.00
Lawn Mower,Arts & Crafts,FakeLuxeAura,$954.00
Bird Cage,Home Appliances,FakeUrbanGlow,$632.00
Patio Furniture,Pets,FakeVelvetVista,$600.00
Dog Leash,Home & Furniture,FakeEtherealEdge,$639.00
External SSD,Sports & Recreation,FakeUrbanGlow,$799.00
Camping Chair,Pets,FakeUrbanGlow,$363.00
Coffee Maker,Home & Furniture,FakeLuxeAura,$618.00
Drone,Home & Furniture,FakeEtherealEdge,$311.00
Humidifier,Pets,FakeLuxeAura,$508.00
Dog House,Toys & Games,FakeUrbanGlow,$190.00
Sleeping Pad,Home & Furniture,FakeZenithStyle,$923.00
Telescope,Home & Furniture,FakeVelvetVista,$543.00
Pet Feeder,Home & Furniture,FakeZenithStyle,$860.00
Fan,Toys & Games,FakeLuxeAura,$589.00
Electric Car,Pets,FakeLuxeAura,$650.00
Smart Light,Outdoor & Garden,FakeZenithStyle,$403.00
Dehumidifier,Home & Furniture,FakeLuxeAura,$756.00
Tent,Arts & Crafts,FakeUrbanGlow,$339.00
Art Supplies,Arts & Crafts,FakeVelvetVista,$292.00
Outdoor Umbrella,Home Appliances,FakeEtherealEdge,$368.00
Dart Board,Home Appliances,FakeLuxeAura,$848.00
Badminton Set,Arts & Crafts,FakeUrbanGlow,$404.00
Pet Bed,Kitchen & Dining,FakeUrbanGlow,$788.00
Garden Hose,Outdoor & Garden,FakeEtherealEdge,$563.00
Smartwatch,Sports & Recreation,FakeVelvetVista,$513.00
Projector,Home & Furniture,FakeZenithStyle,$953.00
Smart Light,Electronics,FakeEtherealEdge,$241.00
Bird Feeder,Kitchen & Dining,FakeLuxeAura,$384.00
Lawn Sprinkler,Electronics,FakeZenithStyle,$791.00
Home Security Camera,Sports & Recreation,FakeEtherealEdge,$807.00
Jacket,Toys & Games,FakeUrbanGlow,$851.00
Kayak,Kitchen & Dining,FakeVelvetVista,$366.00
Power Bank,Pets,FakeVelvetVista,$656.00
Tablet,Arts & Crafts,FakeVelvetVista,$813.00
Water Filter,Home & Furniture,FakeEtherealEdge,$793.00
Smart Thermostat,Sports & Recreation,FakeUrbanGlow,$714.00
Earbuds,Outdoor & Garden,FakeUrbanGlow,$519.00
Sleeping Pad,Toys & Games,FakeZenithStyle,$122.00
Smart Doorbell,Pets,FakeVelvetVista,$225.00
Electric Toothbrush,Home & Furniture,FakeZenithStyle,$326.00
Thermos,Home & Furniture,FakeEtherealEdge,$531.00
Portable Hard Drive,Outdoor & Garden,FakeZenithStyle,$820.00
Pet Toy,Outdoor & Garden,FakeZenithStyle,$955.00
Dishwasher,Home & Furniture,FakeEtherealEdge,$212.00
Drone,Home Appliances,FakeUrbanGlow,$234.00
Speaker,Toys & Games,FakeZenithStyle,$883.00
Ping Pong Table,Arts & Crafts,FakeVelvetVista,$671.00
Flashlight,Toys & Games,FakeZenithStyle,$489.00
Router,Outdoor & Garden,FakeUrbanGlow,$360.00
Grill,Home Appliances,FakeZenithStyle,$191.00
Blender,Home Appliances,FakeVelvetVista,$474.00
Thermos,Electronics,FakeVelvetVista,$743.00
Snowboard,Arts & Crafts,FakeUrbanGlow,$762.00
Game Console,Electronics,FakeLuxeAura,$335.00
Soap,Pets,FakeLuxeAura,$921.00
Snow Shovel,Health & Fitness,FakeEtherealEdge,$609.00
Lawn Sprinkler,Health & Fitness,FakeUrbanGlow,$695.00
Toothpaste,Kitchen & Dining,FakeUrbanGlow,$521.00
Camera,Health & Fitness,FakeUrbanGlow,$212.00
Pet Feeder,Home & Furniture,FakeEtherealEdge,$249.00
External SSD,Home & Furniture,FakeVelvetVista,$706.00
Showerhead,Outdoor & Garden,FakeEtherealEdge,$206.00
Ski Poles,Home Appliances,FakeEtherealEdge,$693.00
Snowboard,Outdoor & Garden,FakeLuxeAura,$425.00
Craft Kit,Health & Fitness,FakeEtherealEdge,$189.00
Basketball,Kitchen & Dining,FakeVelvetVista,$156.00
Electric Shaver,Arts & Crafts,FakeLuxeAura,$631.00
Dishwasher,Toys & Games,FakeEtherealEdge,$810.00
Smart Doorbell,Toys & Games,FakeUrbanGlow,$800.00
Tablet,Kitchen & Dining,FakeZenithStyle,$604.00
Building Blocks,Electronics,FakeUrbanGlow,$992.00
Golf Clubs,Sports & Recreation,FakeEtherealEdge,$389.00
Surfboard,Home & Furniture,FakeUrbanGlow,$391.00
Sleeping Pad,Pets,FakeLuxeAura,$958.00
Suitcase,Home Appliances,FakeZenithStyle,$983.00
Dehumidifier,Pets,FakeVelvetVista,$264.00
Keyboard,Pets,FakeZenithStyle,$921.00
Game Console,Electronics,FakeLuxeAura,$366.00
Lawn Sprinkler,Electronics,FakeLuxeAura,$841.00
Printer,Electronics,FakeZenithStyle,$581.00
Laptop,Sports & Recreation,FakeZenithStyle,$913.00
Lawn Mower,Arts & Crafts,FakeLuxeAura,$146.00
Yoga Mat,Outdoor & Garden,FakeVelvetVista,$391.00
Pet Feeder,Sports & Recreation,FakeZenithStyle,$317.00
Jacket,Electronics,FakeLuxeAura,$120.00
Paddleboard,Arts & Crafts,FakeVelvetVista,$226.00
Laser Printer,Kitchen & Dining,FakeEtherealEdge,$136.00
Headphones,Toys & Games,FakeLuxeAura,$602.00
Game Console,Kitchen & Dining,FakeLuxeAura,$616.00
Microwave,Outdoor & Garden,FakeUrbanGlow,$189.00
Projector,Electronics,FakeEtherealEdge,$953.00
Bluetooth Speaker,Outdoor & Garden,FakeZenithStyle,$241.00
Cat Litter Box,Electronics,FakeVelvetVista,$137.00
Garden Hose,Sports & Recreation,FakeVelvetVista,$222.00
Blender,Pets,FakeLuxeAura,$649.00
Pet Carrier,Home Appliances,FakeLuxeAura,$546.00
Sheets,Toys & Games,FakeLuxeAura,$329.00
Suitcase,Sports & Recreation,FakeLuxeAura,$101.00
Smart Light,Arts & Crafts,FakeEtherealEdge,$392.00
Refrigerator,Toys & Games,FakeUrbanGlow,$730.00
Portable Hard Drive,Health & Fitness,FakeLuxeAura,$921.00
Robot Vacuum,Health & Fitness,FakeEtherealEdge,$356.00
Hair Dryer,Toys & Games,FakeEtherealEdge,$360.00
Rain Jacket,Kitchen & Dining,FakeVelvetVista,$306.00
Water Bottle,Kitchen & Dining,FakeLuxeAura,$748.00
Router,Home Appliances,FakeEtherealEdge,$585.00
Kayak,Sports & Recreation,FakeVelvetVista,$411.00
Dehumidifier,Home & Furniture,FakeZenithStyle,$235.00
Dumbbells,Kitchen & Dining,FakeUrbanGlow,$331.00
Craft Kit,Health & Fitness,FakeVelvetVista,$991.00
Board Game,Arts & Crafts,FakeLuxeAura,$470.00
Ping Pong Table,Pets,FakeEtherealEdge,$521.00
Printer,Home Appliances,FakeUrbanGlow,$249.00
Ski Goggles,Home & Furniture,FakeVelvetVista,$980.00
Printer,Arts & Crafts,FakeLuxeAura,$841.00
Tent,Home Appliances,FakeEtherealEdge,$245.00
Flashlight,Home & Furniture,FakeUrbanGlow,$132.00
Jacket,Electronics,FakeZenithStyle,$205.00
Wetsuit,Electronics,FakeVelvetVista,$449.00
Bicycle,Kitchen & Dining,FakeLuxeAura,$147.00
Puzzle,Home & Furniture,FakeUrbanGlow,$400.00
Portable Hard Drive,Arts & Crafts,FakeZenithStyle,$424.00
Laser Printer,Toys & Games,FakeUrbanGlow,$630.00
Speaker,Electronics,FakeEtherealEdge,$276.00
Electric Kettle,Home Appliances,FakeEtherealEdge,$448.00
Golf Clubs,Toys & Games,FakeUrbanGlow,$713.00
Flashlight,Home Appliances,FakeZenithStyle,$792.00
Oven,Home Appliances,FakeLuxeAura,$525.00
Puzzle,Toys & Games,FakeLuxeAura,$525.00
Sheets,Outdoor & Garden,FakeVelvetVista,$477.00
Cat Tree,Outdoor & Garden,FakeEtherealEdge,$915.00
Soccer Ball,Health & Fitness,FakeLuxeAura,$685.00
Volleyball,Pets,FakeUrbanGlow,$683.00
Kayak,Health & Fitness,FakeUrbanGlow,$282.00
Golf Clubs,Home Appliances,FakeEtherealEdge,$307.00
Water Filter,Health & Fitness,FakeEtherealEdge,$930.00
Earbuds,Electronics,FakeUrbanGlow,$208.00
3D Printer,Health & Fitness,FakeEtherealEdge,$190.00
Home Security Camera,Health & Fitness,FakeZenithStyle,$495.00
Sleeping Pad,Health & Fitness,FakeUrbanGlow,$693.00
Fire Pit,Arts & Crafts,FakeUrbanGlow,$698.00
Aquarium,Outdoor & Garden,FakeVelvetVista,$835.00
Building Blocks,Toys & Games,FakeLuxeAura,$236.00
Dart Board,Electronics,FakeZenithStyle,$192.00
Trekking Poles,Outdoor & Garden,FakeVelvetVista,$991.00
Projector,Health & Fitness,FakeVelvetVista,$515.00
Portable Hard Drive,Health & Fitness,FakeEtherealEdge,$886.00
Toothpaste,Sports & Recreation,FakeUrbanGlow,$156.00
Oven,Electronics,FakeVelvetVista,$342.00
Fishing Rod,Electronics,FakeEtherealEdge,$733.00
Smartwatch,Health & Fitness,FakeUrbanGlow,$295.00
Robot Vacuum,Kitchen & Dining,FakeLuxeAura,$190.00
Sled,Kitchen & Dining,FakeZenithStyle,$396.00
Ice Skates,Arts & Crafts,FakeEtherealEdge,$314.00
Refrigerator,Electronics,FakeVelvetVista,$675.00
Flashlight,Toys & Games,FakeVelvetVista,$621.00
Outdoor Umbrella,Outdoor & Garden,FakeZenithStyle,$317.00
Sled,Sports & Recreation,FakeEtherealEdge,$755.00
Kayak,Outdoor & Garden,FakeEtherealEdge,$462.00
Soccer Ball,Health & Fitness,FakeLuxeAura,$753.00
Tarp,Arts & Crafts,FakeEtherealEdge,$230.00
Sleeping Bag,Toys & Games,FakeEtherealEdge,$650.00
Snow Shovel,Home & Furniture,FakeUrbanGlow,$699.00
Snowboard,Home & Furniture,FakeZenithStyle,$691.00
Dishwasher,Home & Furniture,FakeUrbanGlow,$849.00
Smart Light,Health & Fitness,FakeUrbanGlow,$708.00
Air Purifier,Health & Fitness,FakeZenithStyle,$587.00
Ski Goggles,Kitchen & Dining,FakeLuxeAura,$970.00
Elliptical,Kitchen & Dining,FakeZenithStyle,$994.00
Rain Jacket,Electronics,FakeVelvetVista,$667.00
Air Conditioner,Arts & Crafts,FakeLuxeAura,$761.00
Outdoor Umbrella,Toys & Games,FakeZenithStyle,$286.00
Bed,Sports & Recreation,FakeLuxeAura,$122.00
Wetsuit,Home & Furniture,FakeVelvetVista,$283.00
Hiking Backpack,Home & Furniture,FakeEtherealEdge,$391.00
Craft Kit,Toys & Games,FakeUrbanGlow,$870.00
Microwave,Home & Furniture,FakeZenithStyle,$893.00
Electric Scooter,Pets,FakeUrbanGlow,$447.00
Dog Leash,Health & Fitness,FakeEtherealEdge,"$1,000.00"
Electric Kettle,Health & Fitness,FakeEtherealEdge,$655.00
Supplement,Arts & Crafts,FakeVelvetVista,$716.00
Oven,Health & Fitness,FakeEtherealEdge,$641.00
Garden Tools,Pets,FakeEtherealEdge,$513.00
Cooler,Pets,FakeZenithStyle,$227.00
Golf Clubs,Outdoor & Garden,FakeVelvetVista,$442.00
Pet Feeder,Sports & Recreation,FakeZenithStyle,$244.00
Fishing Rod,Sports & Recreation,FakeLuxeAura,$739.00
Toothpaste,Sports & Recreation,FakeEtherealEdge,$411.00
Air Purifier,Electronics,FakeLuxeAura,$360.00
Electric Car,Pets,FakeUrbanGlow,$872.00
Plant Pot,Toys & Games,FakeVelvetVista,$987.00
Game Console,Kitchen & Dining,FakeZenithStyle,$775.00
Suitcase,Arts & Crafts,FakeVelvetVista,$220.00
Stove,Outdoor & Garden,FakeEtherealEdge,$414.00
Game Console,Pets,FakeUrbanGlow,$647.00
Board Game,Outdoor & Garden,FakeUrbanGlow,$225.00
Toothpaste,Health & Fitness,FakeEtherealEdge,$652.00
Backpacking Stove,Arts & Crafts,FakeVelvetVista,$786.00
Thermos,Home & Furniture,FakeZenithStyle,$434.00
Camping Tent,Health & Fitness,FakeUrbanGlow,$440.00
Dart Board,Health & Fitness,FakeZenithStyle,$863.00
Bluetooth Speaker,Pets,FakeVelvetVista,$314.00
Dart Board,Sports & Recreation,FakeLuxeAura,$477.00
Wetsuit,Arts & Crafts,FakeEtherealEdge,$339.00
Hair Dryer,Electronics,FakeUrbanGlow,$892.00
Portable Charger,Electronics,FakeLuxeAura,$943.00
Yoga Mat,Toys & Games,FakeUrbanGlow,$452.00
Volleyball,Home & Furniture,FakeUrbanGlow,$360.00
Plant Pot,Electronics,FakeZenithStyle,$880.00
Refrigerator,Home Appliances,FakeLuxeAura,$850.00
Sheets,Pets,FakeEtherealEdge,$952.00
Blender,Toys & Games,FakeLuxeAura,$728.00
Kayak,Kitchen & Dining,FakeZenithStyle,$140.00
Art Supplies,Home Appliances,FakeEtherealEdge,$297.00
Ice Skates,Home Appliances,FakeZenithStyle,$688.00
Toy Car,Arts & Crafts,FakeLuxeAura,$770.00
Electric Scooter,Home Appliances,FakeEtherealEdge,$773.00
Patio Furniture,Health & Fitness,FakeVelvetVista,$820.00
Elliptical,Home & Furniture,FakeVelvetVista,$289.00
Refrigerator,Arts & Crafts,FakeVelvetVista,$650.00
Game Console,Home Appliances,FakeUrbanGlow,$308.00
Binoculars,Home & Furniture,FakeUrbanGlow,$934.00
Camping Chair,Outdoor & Garden,FakeVelvetVista,$261.00
Memory Card,Home & Furniture,FakeLuxeAura,$686.00
Aquarium,Kitchen & Dining,FakeVelvetVista,$125.00
Electric Shaver,Electronics,FakeVelvetVista,$775.00
Pillow,Sports & Recreation,FakeUrbanGlow,$940.00
Monitor,Pets,FakeEtherealEdge,$883.00
Toy Car,Sports & Recreation,FakeUrbanGlow,$351.00
Patio Furniture,Outdoor & Garden,FakeVelvetVista,$889.00
Electric Kettle,Pets,FakeVelvetVista,$176.00
Badminton Set,Sports & Recreation,FakeEtherealEdge,$899.00
Backpack,Toys & Games,FakeZenithStyle,$664.00
Bed,Pets,FakeVelvetVista,$477.00
Sewing Machine,Electronics,FakeLuxeAura,$970.00
Elliptical,Arts & Crafts,FakeVelvetVista,$925.00
Badminton Set,Health & Fitness,FakeVelvetVista,$172.00
Elliptical,Arts & Crafts,FakeZenithStyle,$549.00
Camping Tent,Home & Furniture,FakeZenithStyle,$658.00
Pet Carrier,Arts & Crafts,FakeUrbanGlow,$609.00
Vacuum Cleaner,Kitchen & Dining,FakeUrbanGlow,$159.00
Badminton Set,Health & Fitness,FakeUrbanGlow,$866.00
Bed,Home Appliances,FakeVelvetVista,$705.00
3D Printer,Electronics,FakeEtherealEdge,$609.00
Volleyball,Home Appliances,FakeZenithStyle,$535.00
Cat Litter Box,Arts & Crafts,FakeVelvetVista,$555.00
Volleyball,Electronics,FakeEtherealEdge,$262.00
Bird Cage,Outdoor & Garden,FakeVelvetVista,$348.00
Baseball Glove,Home & Furniture,FakeEtherealEdge,$755.00
Oven,Health & Fitness,FakeZenithStyle,$717.00
Snowboard,Arts & Crafts,FakeEtherealEdge,$673.00
Garden Hose,Kitchen & Dining,FakeUrbanGlow,$609.00
Jacket,Toys & Games,FakeZenithStyle,$352.00
Helmet,Pets,FakeZenithStyle,$668.00
External SSD,Pets,FakeUrbanGlow,$796.00
Binoculars,Sports & Recreation,FakeUrbanGlow,$106.00
Electric Toothbrush,Electronics,FakeUrbanGlow,$165.00
Smartwatch,Toys & Games,FakeEtherealEdge,$813.00
Home Security Camera,Home & Furniture,FakeVelvetVista,$849.00
Volleyball,Pets,FakeZenithStyle,$696.00
Refrigerator,Electronics,FakeZenithStyle,$236.00
Soccer Ball,Health & Fitness,FakeUrbanGlow,$289.00
Backpack,Sports & Recreation,FakeEtherealEdge,$206.00
Air Purifier,Pets,FakeLuxeAura,$738.00
Cat Litter Box,Arts & Crafts,FakeUrbanGlow,$306.00
Camera,Arts & Crafts,FakeLuxeAura,$777.00
Pet Carrier,Toys & Games,FakeLuxeAura,$328.00
Sled,Kitchen & Dining,FakeEtherealEdge,$687.00
Sled,Home Appliances,FakeUrbanGlow,$564.00
Blender,Kitchen & Dining,FakeEtherealEdge,$981.00
Microwave,Kitchen & Dining,FakeEtherealEdge,$572.00
Antivirus,Outdoor & Garden,FakeUrbanGlow,$300.00
Golf Clubs,Outdoor & Garden,FakeEtherealEdge,$386.00
Paddleboard,Sports & Recreation,FakeEtherealEdge,$771.00
Thermos,Pets,FakeZenithStyle,$415.00
Snowboard,Toys & Games,FakeZenithStyle,$384.00
Coffee Maker,Electronics,FakeZenithStyle,$233.00
Bird Cage,Arts & Crafts,FakeVelvetVista,$746.00
Aquarium,Kitchen & Dining,FakeUrbanGlow,$836.00
Kayak,Electronics,FakeLuxeAura,$731.00
Sled,Home & Furniture,FakeUrbanGlow,$629.00
Smartphone,Outdoor & Garden,FakeVelvetVista,$466.00
Portable Charger,Sports & Recreation,FakeUrbanGlow,$159.00
Monitor,Pets,FakeEtherealEdge,$374.00
Power Bank,Home & Furniture,FakeVelvetVista,$251.00
Cat Tree,Sports & Recreation,FakeLuxeAura,$688.00
Telescope,Kitchen & Dining,FakeZenithStyle,$621.00
Baseball Glove,Pets,FakeUrbanGlow,$427.00
Bird Cage,Health & Fitness,FakeEtherealEdge,$383.00
Jacket,Home Appliances,FakeLuxeAura,$662.00
Thermos,Arts & Crafts,FakeVelvetVista,$259.00
Hair Dryer,Home Appliances,FakeLuxeAura,$722.00
Life Jacket,Home & Furniture,FakeZenithStyle,$240.00
VR Headset,Home & Furniture,FakeUrbanGlow,$577.00
Wetsuit,Kitchen & Dining,FakeZenithStyle,$359.00
Board Game,Toys & Games,FakeLuxeAura,$166.00
Paddleboard,Pets,FakeLuxeAura,$508.00
Wetsuit,Kitchen & Dining,FakeUrbanGlow,$894.00
Dog Collar,Outdoor & Garden,FakeEtherealEdge,$222.00
Keyboard,Home Appliances,FakeLuxeAura,$958.00
Baseball Glove,Outdoor & Garden,FakeZenithStyle,$350.00
Projector,Outdoor & Garden,FakeZenithStyle,$315.00
Tarp,Home & Furniture,FakeLuxeAura,$791.00
Toothpaste,Kitchen & Dining,FakeZenithStyle,$793.00
Snow Shovel,Toys & Games,FakeZenithStyle,$500.00
Cat Tree,Outdoor & Garden,FakeLuxeAura,$931.00
Suitcase,Sports & Recreation,FakeLuxeAura,$334.00
Baseball Glove,Home & Furniture,FakeZenithStyle,$327.00
Portable Charger,Electronics,FakeUrbanGlow,$351.00
Tablet,Electronics,FakeUrbanGlow,$750.00
Yoga Mat,Electronics,FakeZenithStyle,$466.00
Garden Hose,Home Appliances,FakeUrbanGlow,"$1,000.00"
Router,Outdoor & Garden,FakeVelvetVista,$919.00
BBQ Grill,Toys & Games,FakeVelvetVista,$762.00
Smart Light,Home Appliances,FakeVelvetVista,$717.00
Robot Vacuum,Kitchen & Dining,FakeLuxeAura,$827.00
Snow Shovel,Health & Fitness,FakeVelvetVista,$881.00
VR Headset,Pets,FakeLuxeAura,$485.00
Monitor,Electronics,FakeZenithStyle,$947.00
Supplement,Pets,FakeEtherealEdge,$533.00
Hiking Boots,Pets,FakeEtherealEdge,$575.00
BBQ Grill,Home Appliances,FakeLuxeAura,$497.00
Surfboard,Electronics,FakeLuxeAura,$783.00
Garden Tools,Home Appliances,FakeVelvetVista,$629.00
Aquarium,Sports & Recreation,FakeLuxeAura,$158.00
Pet Toy,Sports & Recreation,FakeLuxeAura,$601.00
Smart Light,Health & Fitness,FakeEtherealEdge,$502.00
Sewing Machine,Health & Fitness,FakeUrbanGlow,$613.00
Puzzle,Toys & Games,FakeZenithStyle,$694.00
Blender,Outdoor & Garden,FakeUrbanGlow,$144.00
Dumbbells,Home Appliances,FakeVelvetVista,$838.00
External SSD,Sports & Recreation,FakeUrbanGlow,$723.00
Power Bank,Kitchen & Dining,FakeEtherealEdge,$621.00
Rain Jacket,Electronics,FakeZenithStyle,$644.00
Router,Home & Furniture,FakeZenithStyle,$309.00
Ski Goggles,Home & Furniture,FakeEtherealEdge,$900.00
Router,Outdoor & Garden,FakeLuxeAura,$961.00
Blender,Home Appliances,FakeVelvetVista,$273.00
Backpack,Sports & Recreation,FakeLuxeAura,$116.00
Jacket,Electronics,FakeUrbanGlow,$700.00
Monitor,Outdoor & Garden,FakeVelvetVista,$487.00
Grill,Sports & Recreation,FakeZenithStyle,$122.00
Badminton Set,Pets,FakeEtherealEdge,$696.00
Smartwatch,Sports & Recreation,FakeZenithStyle,$437.00
Oven,Arts & Crafts,FakeLuxeAura,$978.00
Smart Thermostat,Kitchen & Dining,FakeEtherealEdge,$339.00
Air Conditioner,Kitchen & Dining,FakeZenithStyle,$224.00
Board Game,Sports & Recreation,FakeEtherealEdge,$488.00
Water Filter,Toys & Games,FakeUrbanGlow,$579.00
Smartwatch,Electronics,FakeUrbanGlow,$659.00
Home Security Camera,Outdoor & Garden,FakeEtherealEdge,$714.00
Memory Card,Health & Fitness,FakeLuxeAura,$860.00
Electric Car,Home & Furniture,FakeLuxeAura,$127.00
Monitor,Sports & Recreation,FakeZenithStyle,$541.00
Game Console,Arts & Crafts,FakeEtherealEdge,$399.00
Garden Hose,Health & Fitness,FakeVelvetVista,$213.00
Speaker,Arts & Crafts,FakeVelvetVista,$162.00
Paddleboard,Electronics,FakeEtherealEdge,$978.00
Memory Card,Home & Furniture,FakeVelvetVista,$515.00
Paddleboard,Electronics,FakeVelvetVista,$754.00
Speaker,Toys & Games,FakeZenithStyle,$124.00
Sleeping Pad,Outdoor & Garden,FakeZenithStyle,$581.00
Robot Vacuum,Home Appliances,FakeZenithStyle,$817.00
Yoga Mat,Health & Fitness,FakeZenithStyle,$369.00
Electric Kettle,Arts & Crafts,FakeVelvetVista,$853.00
Backpacking Stove,Arts & Crafts,FakeVelvetVista,$460.00
Smart Light,Home & Furniture,FakeVelvetVista,$206.00
VR Headset,Pets,FakeZenithStyle,$143.00
Sheets,Pets,FakeLuxeAura,$146.00
Microwave,Electronics,FakeZenithStyle,$372.00
Rain Jacket,Outdoor & Garden,FakeLuxeAura,$373.00
Camping Tent,Sports & Recreation,FakeZenithStyle,$701.00
Smart Light,Home & Furniture,FakeLuxeAura,$583.00
Suitcase,Arts & Crafts,FakeLuxeAura,$284.00
Suitcase,Pets,FakeZenithStyle,$406.00
Microwave,Pets,FakeVelvetVista,$309.00
Bicycle,Home Appliances,FakeVelvetVista,$665.00
Tackle Box,Electronics,FakeLuxeAura,$860.00
Mattress,Home Appliances,FakeVelvetVista,$180.00
Lamp,Electronics,FakeUrbanGlow,$445.00
Surfboard,Toys & Games,FakeUrbanGlow,$442.00
Electric Toothbrush,Home & Furniture,FakeVelvetVista,$940.00
Pillow,Sports & Recreation,FakeEtherealEdge,$422.00
Ski Poles,Kitchen & Dining,FakeUrbanGlow,$344.00
Humidifier,Sports & Recreation,FakeLuxeAura,$602.00
BBQ Grill,Electronics,FakeEtherealEdge,$435.00
Wetsuit,Health & Fitness,FakeEtherealEdge,$768.00
Fish Food,Arts & Crafts,FakeLuxeAura,$663.00
Doll,Toys & Games,FakeLuxeAura,$737.00
Bed,Outdoor & Garden,FakeZenithStyle,$409.00
Plant Pot,Arts & Crafts,FakeEtherealEdge,$681.00
Hair Dryer,Home Appliances,FakeVelvetVista,$821.00
Electric Scooter,Pets,FakeUrbanGlow,$778.00
Puzzle,Sports & Recreation,FakeZenithStyle,$627.00
Cat Tree,Health & Fitness,FakeVelvetVista,$262.00
Smartphone,Sports & Recreation,FakeVelvetVista,$428.00
Camping Chair,Sports & Recreation,FakeVelvetVista,$605.00
Board Game,Sports & Recreation,FakeEtherealEdge,$469.00
Kayak,Kitchen & Dining,FakeVelvetVista,$720.00
Laptop,Arts & Crafts,FakeEtherealEdge,$292.00
Smartwatch,Health & Fitness,FakeEtherealEdge,$497.00
Lamp,Toys & Games,FakeVelvetVista,$346.00
Supplement,Home Appliances,FakeVelvetVista,$423.00
Projector,Health & Fitness,FakeZenithStyle,$982.00
Ski Goggles,Health & Fitness,FakeUrbanGlow,$680.00
Fitness Tracker,Sports & Recreation,FakeVelvetVista,$837.00
Hair Dryer,Sports & Recreation,FakeLuxeAura,$786.00
Fitness Tracker,Pets,FakeVelvetVista,$657.00
Camera,Pets,FakeEtherealEdge,$276.00
BBQ Grill,Electronics,FakeZenithStyle,$361.00
Pillow,Outdoor & Garden,FakeVelvetVista,$485.00
Projector,Outdoor & Garden,FakeUrbanGlow,$358.00
Action Figure,Arts & Crafts,FakeEtherealEdge,$514.00
Electric Shaver,Arts & Crafts,FakeUrbanGlow,$990.00
Treadmill,Outdoor & Garden,FakeEtherealEdge,$335.00
External SSD,Outdoor & Garden,FakeUrbanGlow,$809.00
Bird Cage,Home & Furniture,FakeLuxeAura,$662.00
Helmet,Outdoor & Garden,FakeUrbanGlow,$183.00
Ski Poles,Arts & Crafts,FakeUrbanGlow,$485.00
Surfboard,Outdoor & Garden,FakeEtherealEdge,$306.00
Laser Printer,Arts & Crafts,FakeEtherealEdge,$662.00
Elliptical,Toys & Games,FakeVelvetVista,$384.00
Pet Bed,Outdoor & Garden,FakeVelvetVista,$325.00
Drone,Electronics,FakeEtherealEdge,$313.00
Treadmill,Sports & Recreation,FakeVelvetVista,$280.00
Board Game,Outdoor & Garden,FakeZenithStyle,$170.00
Hair Dryer,Arts & Crafts,FakeZenithStyle,$529.00
VR Headset,Arts & Crafts,FakeUrbanGlow,$232.00
Toothpaste,Home Appliances,FakeZenithStyle,$344.00
Baseball Glove,Home Appliances,FakeVelvetVista,$600.00
Microwave,Toys & Games,FakeEtherealEdge,$204.00
Speaker,Toys & Games,FakeUrbanGlow,$651.00
Craft Kit,Home & Furniture,FakeZenithStyle,$372.00
Sleeping Pad,Toys & Games,FakeEtherealEdge,$318.00
Microwave,Electronics,FakeUrbanGlow,$738.00
Printer,Electronics,FakeZenithStyle,$639.00
Wetsuit,Pets,FakeEtherealEdge,$340.00
Power Bank,Home Appliances,FakeUrbanGlow,$660.00
Laser Printer,Health & Fitness,FakeZenithStyle,$617.00
Puzzle,Sports & Recreation,FakeVelvetVista,$674.00
Jacket,Outdoor & Garden,FakeEtherealEdge,$590.00
Toothpaste,Toys & Games,FakeLuxeAura,$883.00
Soccer Ball,Electronics,FakeZenithStyle,$322.00
Dog Leash,Sports & Recreation,FakeZenithStyle,$379.00
Sheets,Electronics,FakeVelvetVista,$859.00
Plant Pot,Home & Furniture,FakeLuxeAura,$843.00
Monitor,Outdoor & Garden,FakeVelvetVista,$875.00
Sled,Outdoor & Garden,FakeVelvetVista,$728.00
Elliptical,Home & Furniture,FakeZenithStyle,$447.00
Art Supplies,Outdoor & Garden,FakeLuxeAura,$342.00
Refrigerator,Pets,FakeZenithStyle,$598.00
Badminton Set,Home & Furniture,FakeLuxeAura,$791.00
Fire Pit,Toys & Games,FakeEtherealEdge,$714.00
Ski Goggles,Health & Fitness,FakeZenithStyle,$284.00
Stove,Health & Fitness,FakeZenithStyle,$860.00
Juicer,Pets,FakeZenithStyle,$654.00
Fish Food,Sports & Recreation,FakeZenithStyle,$545.00
Game Console,Sports & Recreation,FakeUrbanGlow,$909.00
Camera,Home Appliances,FakeVelvetVista,$234.00
Doll,Health & Fitness,FakeLuxeAura,$834.00
Dog Collar,Home Appliances,FakeLuxeAura,$704.00
Bird Cage,Pets,FakeUrbanGlow,$987.00
Electric Scooter,Electronics,FakeEtherealEdge,$595.00
Golf Clubs,Outdoor & Garden,FakeEtherealEdge,$753.00
Trekking Poles,Electronics,FakeUrbanGlow,$721.00
Bluetooth Speaker,Pets,FakeVelvetVista,$589.00
Humidifier,Home & Furniture,FakeVelvetVista,$292.00
Life Jacket,Home Appliances,FakeEtherealEdge,$564.00
Sewing Machine,Health & Fitness,FakeEtherealEdge,$833.00
Sewing Machine,Home Appliances,FakeUrbanGlow,$338.00
Router,Home & Furniture,FakeLuxeAura,$287.00
Patio Furniture,Toys & Games,FakeZenithStyle,$680.00
Tackle Box,Kitchen & Dining,FakeUrbanGlow,$772.00
Grill,Toys & Games,FakeEtherealEdge,$162.00
Supplement,Electronics,FakeZenithStyle,$296.00
Trekking Poles,Outdoor & Garden,FakeUrbanGlow,$921.00
Thermos,Pets,FakeLuxeAura,$700.00
Monitor,Pets,FakeUrbanGlow,$672.00
Tent,Pets,FakeLuxeAura,$254.00
Memory Card,Kitchen & Dining,FakeUrbanGlow,$507.00
Electric Kettle,Outdoor & Garden,FakeZenithStyle,$157.00
Trekking Poles,Home & Furniture,FakeUrbanGlow,$366.00
Cooler,Arts & Crafts,FakeLuxeAura,$987.00
Refrigerator,Electronics,FakeZenithStyle,$660.00
Yoga Mat,Arts & Crafts,FakeLuxeAura,$383.00
Fishing Rod,Kitchen & Dining,FakeUrbanGlow,$292.00
Dog Leash,Sports & Recreation,FakeVelvetVista,$504.00
Tackle Box,Arts & Crafts,FakeUrbanGlow,$794.00
Fitness Tracker,Health & Fitness,FakeLuxeAura,$940.00
Board Game,Home & Furniture,FakeEtherealEdge,$999.00
Air Conditioner,Electronics,FakeUrbanGlow,$593.00
Puzzle,Outdoor & Garden,FakeLuxeAura,$301.00
Electric Shaver,Health & Fitness,FakeLuxeAura,$974.00
Flashlight,Sports & Recreation,FakeEtherealEdge,$705.00
Wetsuit,Pets,FakeEtherealEdge,$311.00
Badminton Set,Health & Fitness,FakeEtherealEdge,$817.00
Air Purifier,Kitchen & Dining,FakeEtherealEdge,$553.00
Game Console,Health & Fitness,FakeZenithStyle,$954.00
Cooler,Electronics,FakeVelvetVista,$594.00
Board Game,Health & Fitness,FakeEtherealEdge,$493.00
Smart Doorbell,Home & Furniture,FakeZenithStyle,$658.00
Smart Light,Kitchen & Dining,FakeLuxeAura,$631.00
Backpacking Stove,Outdoor & Garden,FakeEtherealEdge,$288.00
Telescope,Home & Furniture,FakeEtherealEdge,$535.00
Tarp,Home Appliances,FakeUrbanGlow,$520.00
Drone,Home Appliances,FakeVelvetVista,$713.00
Board Game,Home & Furniture,FakeVelvetVista,$763.00
Home Security Camera,Kitchen & Dining,FakeEtherealEdge,$481.00
Outdoor Umbrella,Home & Furniture,FakeUrbanGlow,$497.00
Binoculars,Toys & Games,FakeVelvetVista,$288.00
BBQ Grill,Pets,FakeUrbanGlow,$996.00
Yoga Mat,Home Appliances,FakeEtherealEdge,$145.00
Treadmill,Home & Furniture,FakeVelvetVista,$569.00
Basketball,Home Appliances,FakeEtherealEdge,$840.00
Refrigerator,Pets,FakeUrbanGlow,$371.00
Dart Board,Toys & Games,FakeEtherealEdge,$297.00
Water Bottle,Pets,FakeEtherealEdge,$164.00
Tablet,Outdoor & Garden,FakeEtherealEdge,$479.00
Ski Goggles,Outdoor & Garden,FakeVelvetVista,$660.00
Supplement,Toys & Games,FakeVelvetVista,$330.00
Electric Toothbrush,Electronics,FakeUrbanGlow,$926.00
Electric Scooter,Kitchen & Dining,FakeZenithStyle,$918.00
Yoga Mat,Outdoor & Garden,FakeUrbanGlow,$732.00
Volleyball,Sports & Recreation,FakeZenithStyle,$904.00
Bicycle,Sports & Recreation,FakeVelvetVista,$966.00
Aquarium,Health & Fitness,FakeZenithStyle,$147.00
Water Filter,Health & Fitness,FakeLuxeAura,$735.00
Helmet,Home & Furniture,FakeZenithStyle,$319.00
Jacket,Toys & Games,FakeEtherealEdge,$919.00
Laptop,Outdoor & Garden,FakeUrbanGlow,$765.00
Air Conditioner,Electronics,FakeUrbanGlow,$800.00
Bluetooth Speaker,Electronics,FakeEtherealEdge,$135.00
Tarp,Home Appliances,FakeZenithStyle,$488.00
Smart Thermostat,Home & Furniture,FakeZenithStyle,$673.00
Supplement,Kitchen & Dining,FakeVelvetVista,$355.00
Toothpaste,Arts & Crafts,FakeUrbanGlow,$565.00
Puzzle,Arts & Crafts,FakeUrbanGlow,$143.00
Outdoor Umbrella,Home & Furniture,FakeZenithStyle,$166.00
Tackle Box,Pets,FakeVelvetVista,$800.00
Dog Leash,Electronics,FakeZenithStyle,$835.00
Pet Carrier,Kitchen & Dining,FakeEtherealEdge,$206.00
Plant Pot,Home & Furniture,FakeLuxeAura,$769.00
Camping Chair,Outdoor & Garden,FakeVelvetVista,$224.00
Cat Tree,Sports & Recreation,FakeLuxeAura,$845.00
Surfboard,Health & Fitness,FakeVelvetVista,$676.00
Camera,Kitchen & Dining,FakeVelvetVista,$731.00
Tarp,Home & Furniture,FakeLuxeAura,$971.00
Bird Feeder,Health & Fitness,FakeEtherealEdge,$725.00
Toy Car,Kitchen & Dining,FakeEtherealEdge,$147.00
Paddleboard,Home & Furniture,FakeUrbanGlow,$629.00
Hiking Backpack,Home Appliances,FakeLuxeAura,$484.00
Fire Pit,Home & Furniture,FakeVelvetVista,$586.00
Portable Hard Drive,Sports & Recreation,FakeUrbanGlow,$658.00
Smartphone,Kitchen & Dining,FakeLuxeAura,$421.00
Water Filter,Home & Furniture,FakeZenithStyle,$147.00
Portable Hard Drive,Home Appliances,FakeZenithStyle,$162.00
Ski Poles,Arts & Crafts,FakeEtherealEdge,$682.00
Elliptical,Sports & Recreation,FakeZenithStyle,$765.00
Smart Doorbell,Toys & Games,FakeEtherealEdge,$991.00
Garden Tools,Electronics,FakeUrbanGlow,$861.00
Keyboard,Home Appliances,FakeZenithStyle,$989.00
Hiking Boots,Sports & Recreation,FakeZenithStyle,$932.00
Bicycle,Arts & Crafts,FakeVelvetVista,$946.00
Building Blocks,Arts & Crafts,FakeUrbanGlow,$127.00
Laser Printer,Arts & Crafts,FakeVelvetVista,$118.00
Ski Poles,Health & Fitness,FakeVelvetVista,$682.00
Golf Clubs,Toys & Games,FakeZenithStyle,$518.00
Humidifier,Outdoor & Garden,FakeUrbanGlow,$983.00
Electric Kettle,Sports & Recreation,FakeUrbanGlow,$216.00
Soap,Home & Furniture,FakeLuxeAura,$692.00
Hair Dryer,Arts & Crafts,FakeEtherealEdge,$174.00
Bluetooth Speaker,Kitchen & Dining,FakeZenithStyle,$756.00
Action Figure,Sports & Recreation,FakeLuxeAura,$575.00
Portable Hard Drive,Arts & Crafts,FakeZenithStyle,$775.00
Electric Scooter,Sports & Recreation,FakeLuxeAura,$196.00
Smartwatch,Outdoor & Garden,FakeVelvetVista,$902.00
Bicycle,Home & Furniture,FakeUrbanGlow,$839.00
Helmet,Toys & Games,FakeVelvetVista,$292.00
Hiking Backpack,Outdoor & Garden,FakeUrbanGlow,$406.00
Humidifier,Home Appliances,FakeZenithStyle,$637.00
Memory Card,Electronics,FakeLuxeAura,$788.00
Hiking Boots,Home Appliances,FakeVelvetVista,$268.00
Ice Skates,Health & Fitness,FakeVelvetVista,$849.00
Bird Cage,Home Appliances,FakeUrbanGlow,$234.00
Laptop,Home & Furniture,FakeZenithStyle,$374.00
Monitor,Pets,FakeZenithStyle,$642.00
Camera,Outdoor & Garden,FakeZenithStyle,$966.00
Camping Tent,Home & Furniture,FakeVelvetVista,$247.00
Juicer,Kitchen & Dining,FakeLuxeAura,$176.00
Dart Board,Pets,FakeUrbanGlow,$938.00
Thermos,Health & Fitness,FakeLuxeAura,$179.00
Microwave,Home Appliances,FakeUrbanGlow,$742.00
Cat Litter Box,Kitchen & Dining,FakeVelvetVista,$482.00
Suitcase,Outdoor & Garden,FakeVelvetVista,$565.00
Camping Tent,Toys & Games,FakeZenithStyle,$995.00
Snorkel Gear,Arts & Crafts,FakeLuxeAura,$284.00
Garden Tools,Kitchen & Dining,FakeZenithStyle,$156.00
Tent,Kitchen & Dining,FakeEtherealEdge,$654.00
Smart Doorbell,Home Appliances,FakeVelvetVista,$155.00
Rain Jacket,Home Appliances,FakeVelvetVista,$630.00
Dishwasher,Sports & Recreation,FakeZenithStyle,$697.00
Hiking Boots,Pets,FakeUrbanGlow,$952.00
Board Game,Toys & Games,FakeLuxeAura,$766.00
Smart Thermostat,Sports & Recreation,FakeLuxeAura,$562.00
Juicer,Arts & Crafts,FakeZenithStyle,$352.00
Jacket,Outdoor & Garden,FakeZenithStyle,$870.00
Tent,Health & Fitness,FakeVelvetVista,$245.00
Oven,Pets,FakeUrbanGlow,$936.00
Snowboard,Home & Furniture,FakeUrbanGlow,$663.00
Dog Collar,Home Appliances,FakeUrbanGlow,$425.00
Soccer Ball,Kitchen & Dining,FakeZenithStyle,$919.00
Fitness Tracker,Health & Fitness,FakeZenithStyle,$874.00
Sleeping Pad,Arts & Crafts,FakeVelvetVista,$290.00
Hiking Boots,Toys & Games,FakeEtherealEdge,$965.00
